State,Constituency No,Constituency,Candidate,Party,Website
Andaman & Nicobar Islands,1,Andaman & Nicobar Islands ,Shri B.P. Ray ,BJP,
Andhra Pradesh,1,Adilabad (ST) ,Shri Tukaram ,BJP,
Andhra Pradesh,4,Nizamabad ,Dr. J. Bapi Reddy,BJP,
Andhra Pradesh,6,Medak ,Shri Patlolla Niroop,BJP,
Andhra Pradesh,7,Malkajgiri ,Shri N. Indrasena Reddy,BJP,
Andhra Pradesh,8,Secunderabad ,Shri Bandaru Dattatraya,BJP,
Andhra Pradesh,9,Hyderabad ,Shri Satish Agarwal,BJP,
Andhra Pradesh,10,Chevella ,Shri Baddam bal Reddy,BJP,
Andhra Pradesh,13,Nalgonda ,Shri Sriram Vedire,BJP,
Andhra Pradesh,16,Mahabubabad (ST) ,Shri Banothu Dileep Naik,BJP,
Andhra Pradesh,17,Khammam ,Shri Kapilvai Ravinder,BJP,
Andhra Pradesh,18,Araku (ST) ,Shri Kurasa Bojjaiah,BJP,
Andhra Pradesh,19,Srikakulam ,Shri Duppala Ravindra Babu,BJP,
Andhra Pradesh,20,Vizianagaram ,Shri P. Sanyasi Raju,BJP,
Andhra Pradesh,21,Visakhapatnam ,Shri D.V. Subba Rao,BJP,
Andhra Pradesh,28,Machilipatnam ,Smt. Bhogadi Ramadevi,BJP,
Andhra Pradesh,29,Vijayawada ,Shri Laka Vengalarao Yadav,BJP,
Andhra Pradesh,32,Bapatla (SC) ,Shri Battuala Rosaiah,BJP,
Andhra Pradesh,33,Ongole ,Shri Mandava Vasadeva,BJP,
Andhra Pradesh,36,Anantapur ,Shri Ambati Ramakrishna Reddy,BJP,
Andhra Pradesh,37,Hindupur ,Shri K. Naresh,BJP,
Andhra Pradesh,40,Tirupati (SC) ,Dr. N. Venkata Swamy,BJP,
Andhra Pradesh,41,Rajampet ,Dr. A. Harinath Reddy ,BJP,
Arunachal Pradesh ,1,West Arunachal (ST) ,Shri Kiren Rijiju,BJP,http://164.100.47.134/newls/HomePage.aspx?mpsno=3972
Arunachal Pradesh,2,East Arunachal (ST) ,Shri Tapir Gao,BJP,http://164.100.47.134/newls/HomePage.aspx?mpsno=3973
Assam,1,Karimganj (SC) ,Shri Sudanshu Das,BJP,
Assam,2,Silchar ,Shri Kabindrapurkayasth,BJP,
Assam,3,Autonomous District (ST) ,Shri Kulendra Doulagapu,BJP,
Assam,4,Dhubri ,Shri Nilimoy Pradhani,BJP,
Assam,7,Gauhati ,Smt. Bijoya Chakraborty,BJP,
Assam,8,Mangaldoi ,Shri Ramen Deka,BJP,
Assam,10,Nowgong ,Shri Rajan Gohain,BJP,http://164.100.47.134/newls/HomePage.aspx?mpsno=143
Assam,12,Jorhat ,Shri Kamakhya Prasad Tasa ,BJP,
Bihar,2,West Champaran ,Dr. Sanjay Jaiswal,BJP,
Bihar,3,Purvi Champaran ,Shri Radha Mohan Singh,BJP,
Bihar,4,Sheohar ,Smt. Rama Devi,BJP,
Bihar,6,Madhubani ,Shri Hukumdev Narayan Yadav,BJP,
Bihar,9,Araria ,Shri Pradeep Singh Gange,BJP,
Bihar,11,Katihar ,Shri Nikhil Choudhary,BJP,http://164.100.47.134/newls/HomePage.aspx?mpsno=90
Bihar,12,Purnia ,Shri Uday Singh,BJP,http://164.100.47.134/newls/HomePage.aspx?mpsno=3974
Bihar,14,Darbhanga ,Shri Kirti Azad,BJP,
Bihar,20,Saran ,Shri Rajeev Pratap Rudy,BJP,
Bihar,26,Bhagalpur ,Syed Shahnawaj Hussain,BJP,http://164.100.47.134/newls/HomePage.aspx?mpsno=152
Bihar,30,Patna Sahib ,Shri Shatrughna Sinha,BJP,
Bihar,33,Buxar ,Shri Lalmuni Choubey,BJP,http://164.100.47.134/newls/HomePage.aspx?mpsno=75
Bihar,34,Sasaram (SC) ,Shri Munnilal,BJP,
Bihar,38,Gaya (SC) ,Shri Hari Manjhi,BJP,
Bihar,39,Nawada ,Shri Bhola Singh ,BJP,
Chandigarh,1,Chandigarh ,Shri Satya Pal Jain,BJP,http://www.satyapaljain.com/biodata.htm
Chhattisgarh,1,Sarguja (ST) ,Shri Murari Lal Singh,BJP,
Chhattisgarh,2,Raigarh (ST) ,Shri Vishnudev Sai,BJP,http://164.100.47.134/newls/HomePage.aspx?mpsno=389
Chhattisgarh,3,Janjgir-Champa (SC) ,Smt. Kamla Patle,BJP,
Chhattisgarh,4,Korba ,Smt. Karun Shukla,BJP,http://164.100.47.134/newls/HomePage.aspx?mpsno=4012
Chhattisgarh,5,Bilaspur ,Shri Dilip Singh Judeo,BJP,
Chhattisgarh,6,Rajnandgaon ,Shri Madhusudan Yadav,BJP,
Chhattisgarh,7,Durg ,Sushree Saroj Pandey,BJP,
Chhattisgarh,8,Raipur ,Shri Ramesh Bais,BJP,http://164.100.47.134/newls/HomePage.aspx?mpsno=33
Chhattisgarh,9,Mahasmund ,Shri Chandulal Sahu,BJP,
Chhattisgarh,10,Bastar (ST) ,Shri Baliram Kashyap,BJP,http://164.100.47.134/newls/HomePage.aspx?mpsno=180
Chhattisgarh,11,Kanker (ST) ,Shri Sohan Potai,BJP,http://164.100.47.134/newls/HomePage.aspx?mpsno=331
Dadra & Nagar Haveli ,1,Dadra & Nagar Haveli (ST) ,Shri Natubhai Gomanbhai Patel ,BJP,
Daman & Diu ,1,Daman & Diu ,Shri Lalubhai Babubhai Patel ,BJP,
Delhi,1,Chandni Chowk ,Shri Vijendra Gupxa,BJP,
Delhi,2,North East Delhi ,"Shri B.L. Sharma ""Prem""",BJP,
Delhi,3,East Delhi ,Shri Chetan Chauhan,BJP,
Delhi,4,New Delhi ,Shri Vijay Goyal,BJP,
Delhi,5,North West Delhi (SC) ,Smt. Meera Kanwaria,BJP,
Delhi,6,West Delhi ,Shri Jagdish Mukhi,BJP,
Delhi,7,South Delhi ,Shri Ramesh Bidhuri ,BJP,
Goa,1,North Goa (Panji) ,Shri Sripad Naik,BJP,http://164.100.47.134/newls/HomePage.aspx?mpsno=273
Goa,2,Murmugao ,Shri Narendra Sawaikar ,BJP,
Gujarat,1,Kuchchh (SC) ,Smt. Punamben Jat,BJP,http://www.bjpguj.org/Candidate%27s%20Biodata_LS/kutch.html
Gujarat,2,Banaskantha ,Shri Haribhai Chaudhari,BJP,http://www.bjpguj.org/Candidate%27s%20Biodata_LS/banaskantha.html
Gujarat,3,Patan ,Shri Bhavsinh Rathor,BJP,http://www.bjpguj.org/Candidate%27s%20Biodata_LS/patan.html
Gujarat,4,Mahesana ,Smt. Jaishreeben Patel,BJP,http://www.bjpguj.org/Candidate%27s%20Biodata_LS/mehsana.html
Gujarat,5,Sabarkantha ,Dr. Mahendrasinh Chauhan,BJP,http://www.bjpguj.org/Candidate%27s%20Biodata_LS/sabarkantha.html
Gujarat,6,Gandhinagar ,Shri L.K. Advani,BJP,http://164.100.47.134/newls/HomePage.aspx?mpsno=9
Gujarat,7,Ahmedabad East ,Shri Harin Pathak,BJP,http://164.100.47.134/newls/HomePage.aspx?mpsno=310
Gujarat,8,Ahmedabad (West) (SC) ,Dr. Kirit Solanki,BJP,http://www.bjpguj.org/Candidate%27s%20Biodata_LS/ahmedabad_west.html
Gujarat,9,Surendranagar ,Shri Laljibhai Mer,BJP,http://www.bjpguj.org/Candidate%27s%20Biodata_LS/surendranagar.html
Gujarat,10,Rajkot ,Shri Kiranbhai Patel,BJP,http://www.bjpguj.org/Candidate%27s%20Biodata_LS/rajkot.html
Gujarat,11,Probandar ,Shri Mansukh Khacharia,BJP,http://www.bjpguj.org/Candidate%27s%20Biodata_LS/porbandar.html
Gujarat,12,Jamnagar ,Shri Rameshbhai Mungra,BJP,http://www.bjpguj.org/Candidate%27s%20Biodata_LS/jamnagar.html
Gujarat,14,Amreli ,Shri Narayanbhai Kachia,BJP,
Gujarat,15,Bhavnagar ,Shri Rajendra Singh Rana,BJP,http://164.100.47.134/newls/HomePage.aspx?mpsno=358
Gujarat,16,Anand ,Shri Dipakbhai Sathi,BJP,http://www.bjpguj.org/Candidate%27s%20Biodata_LS/anand.html
Gujarat,17,Kheda ,Shri Devusinh Chauhan,BJP,http://www.bjpguj.org/Candidate%27s%20Biodata_LS/kheda.html
Gujarat,18,Panchmahals ,Shri Prabhatsinh Chauhan,BJP,http://www.bjpguj.org/Candidate%27s%20Biodata_LS/panchmahal.html
Gujarat,19,Dahod (ST) ,Shri Somji Damor,BJP,
Gujarat,20,Vadodara ,Shri Balubhai Shukl,BJP,http://www.bjpguj.org/Candidate%27s%20Biodata_LS/vadodara.html
Gujarat,21,Chhota Udaipur (ST) ,Shri Ramsinh Rathwa,BJP,http://www.bjpguj.org/Candidate%27s%20Biodata_LS/chota_udaipur.html
Gujarat,22,Bharuch ,Shri Mansukhbhai Vasava,BJP,http://www.bjpguj.org/Candidate%27s%20Biodata_LS/bharuch.html
Gujarat,23,Bardoli (ST) ,Shri Ritesh Vasava,BJP,http://www.bjpguj.org/Candidate%27s%20Biodata_LS/bardoli.html
Gujarat,24,Surat ,Smt. Darshnaben Jardosh,BJP,http://www.bjpguj.org/Candidate%27s%20Biodata_LS/surat.html
Gujarat,25,Navsari ,Shri C.R. Patil,BJP,http://www.bjpguj.org/Candidate%27s%20Biodata_LS/navsari.html
Gujarat,26,Valsad (ST) ,Dr. Dhirubhai Patel (Dharampur),BJP,http://www.bjpguj.org/Candidate%27s%20Biodata_LS/valsad.html
Haryana,1,Ambala (SC) ,Shri Ratan Lal Kataria,BJP,
Haryana,5,Karnal ,Shri I.D. Swamy,BJP,
Haryana,6,Sonepat ,Shri Kishan Singh Sangwan,BJP,http://164.100.47.134/newls/HomePage.aspx?mpsno=396
Haryana,9,Gurgaon ,Smt. Dr. Sudha Yadav,BJP,
Haryana,10,Faridabad ,Shri Ram Chandra Bainda ,BJP,
Himachal Pradesh,1,Kangra ,Dr. Rajan Sushant,BJP,
Himachal Pradesh,2,Mandi ,Shri Maheshwar Singh,BJP,
Himachal Pradesh,3,Hamirpur ,Shri Anurag Thakur,BJP,http://164.100.47.134/newls/HomePage.aspx?mpsno=4249
Himachal Pradesh,4,Shimla (SC) ,Shri Virendra Kashyap ,BJP,
Jammu & Kashmir ,5,Udhampur ,Dr. Nirmal Singh,BJP,
Jammu & Kashmir,6,Jammu ,Shri Leela Karan Sharma ,BJP,
Jharkhand,1,Rajmahal (ST) ,Shri Devidhan Besra,BJP,
Jharkhand,2,Dumka (ST) ,Shri Sunil Soren,BJP,
Jharkhand,3,Godda ,Shri Nishikant Dubey,BJP,
Jharkhand,6,Giridih ,Shri Ravindra Pandey,BJP,
Jharkhand,7,Dhanbad ,Shri Pashupatinath Singh,BJP,
Jharkhand,8,Ranchi ,Shri Ramtahal Choudhary,BJP,
Jharkhand,9,Jamshedpur ,Shri Arjun Munda,BJP,
Jharkhand,10,Singhbhumi (ST) ,Shri Badkunwar Gagrai,BJP,
Jharkhand,11,Khunti (ST) ,Shri Karia Munda,BJP,
Jharkhand,12,Lohardaga (ST) ,Shri Sudarshan Bhagat,BJP,
Jharkhand,14,Hazaribagh ,Shri Yashwant Sinha ,BJP,
Karnataka,1,Chikkodi ,Shri Ramesh Katti,BJP,http://bjpkarnataka.org/mp-candidates/ramesh-vishwanath-katti/#more-1153
Karnataka,2,Belgaum ,Shri Suresh Angadi,BJP,http://bjpkarnataka.org/mp-candidates/shri-suresh-chanabasappa-angadi/#more-1074
Karnataka,3,Bagalkot ,Shri P.C. Gaddigoudar,BJP,http://bjpkarnataka.org/mp-candidates/shri-pc-gaddigoudar/#more-1083
Karnataka,4,Bijapur (SC) ,Shri Ramesh Jigajinagi,BJP,http://164.100.47.134/newls/HomePage.aspx?mpsno=170
Karnataka,5,Gulbarga (SC) ,Shri Revu Nayak Belamagi,BJP,http://bjpkarnataka.org/mp-candidates/revu-nayak-belamagi/#more-1040
Karnataka,6,Raichur (ST) ,Shri Raja Amareshwara Nayak,BJP,http://bjpkarnataka.org/mp-candidates/raja-amareshwara-nayak/#more-1042
Karnataka,7,Bidar ,Shri Gurupadappa Nagamarapalli,BJP,http://bjpkarnataka.org/mp-candidates/gurupadappa-nagamarapalli/#more-1037
Karnataka,8,Koppala ,Shri Shivarama Gouda,BJP,http://bjpkarnataka.org/mp-candidates/shivaram-gouda/#more-1118
Karnataka,9,Bellary (ST) ,Smt. J. Shanthi,BJP,http://bjpkarnataka.org/mp-candidates/j-shantha/#more-1588
Karnataka,10,Haveri ,Shri Shivakumar Chennabasapa Udasi,BJP,http://bjpkarnataka.org/mp-candidates/shivakumar-chennabasappa/#more-1035
Karnataka,11,Dharwad ,Shri Prahlad Joshi,BJP,http://bjpkarnataka.org/mp-candidates/pralhad-venkatesh%C2%A0joshi/#more-1081
Karnataka,12,Uttara Kannada ,Shri Ananth Kumar Hegde,BJP,http://164.100.47.134/newls/HomePage.aspx?mpsno=3688
Karnataka,13,Davanagere ,Shri G.M. Siddeshwar,BJP,http://bjpkarnataka.org/mp-candidates/siddeswarashri-gowdar-mallikarjunappa/#more-1139
Karnataka,14,Shimoga ,Shri B.Y. Raghavendra,BJP,http://bjpkarnataka.org/mp-candidates/b-y-raghavendra/#more-1246
Karnataka,15,Udupi-Chickmagalore ,Shri D.V. Sadananda Gowda,BJP,http://bjpkarnataka.org/mp-candidates/shri-dv-sadananda-gowda/#more-1070
Karnataka,16,Hassan ,Shri K.H. Hanume Gowda,BJP,http://bjpkarnataka.org/mp-candidates/kh-hanume-gowda/#more-1676
Karnataka,17,Mangalore ,Shri Nalin Kumar Katilu,BJP,http://bjpkarnataka.org/mp-candidates/shri-naliln-kumar-katilu/#more-1048
Karnataka,18,Chitradurga (SC) ,Shri Janardhana Swamy,BJP,http://bjpkarnataka.org/mp-candidates/janardhana-swami/#more-1662
Karnataka,19,Tumkur ,Shri G.S. Basavaraj,BJP,http://bjpkarnataka.org/mp-candidates/gsbasavaraj/#more-1196
Karnataka,21,Mysore ,Shri C.H. Vijaya Shanker,BJP,http://164.100.47.134/newls/HomePage.aspx?mpsno=3946
Karnataka,22,Chamarajanagar (SC) ,Shri A.R. Krishna Murthy,BJP,http://bjpkarnataka.org/mp-candidates/ar-krishna-murthy-ex-mla/#more-1046
Karnataka,25,Bangalore Central ,Shri P.C. Mohan,BJP,
Karnataka,26,Bangalore South ,Shri Ananth Kumar,BJP,http://164.100.47.134/newls/HomePage.aspx?mpsno=20
Karnataka,28,Kolar (SC) ,Shri D.S. Veeraiah ,BJP,
Kerala,1,Kasargod ,Shri K. Surendran,BJP,
Kerala,2,Kannur ,Shri P.P. Karunakaran Master,BJP,
Kerala,3,Vadakara ,Shri K.P. Sreeshan,BJP,
Kerala,4,Wayanadu ,Shri C. Vasudevan Master,BJP,
Kerala,5,Kozhikode ,Shri V. Muraleedharan,BJP,
Kerala,6,Malappuram ,Adv. N. Aravindan,BJP,
Kerala,7,Ponnani ,Shri K. Janachandran Master,BJP,
Kerala,8,Pallakkad ,Shri C.K. Padmanabhan,BJP,
Kerala,9,Alathur (SC) ,Smt. M. Bindu,BJP,
Kerala,10,Thrissur ,Smt. Adv. Rema Reghunandan,BJP,
Kerala,11,Chalakkudi ,Adv. K.V. Sabu,BJP,
Kerala,12,Ernakulam ,Shri A.N. Radhakrishnan,BJP,
Kerala,13,Idukki ,Shri Sreenagari Rajan,BJP,
Kerala,14,Kottayam ,Adv. K. Narayanan Namboothiri,BJP,
Kerala,16,Mavelikkara (SC) ,Shri P.M. Velayudhan,BJP,
Kerala,17,Pathanamthitta ,Shri B. Radhakrishna Menon,BJP,
Kerala,18,Kollam ,Shri Vayakal Madhu,BJP,
Kerala,19,Attingal ,Shri Thottakkad Sasi,BJP,
Kerala,20,Trivandrum ,Shri P.K. Krishnadas ,BJP,
Madhya Pradesh ,1,Murena ,Shri Narendra Singh Tomar,BJP,
Madhya Pradesh,2,Bhind (SC) ,Shri Ashok Argal,BJP,http://164.100.47.134/newls/HomePage.aspx?mpsno=22
Madhya Pradesh,3,Gwalior ,Smt. Yashodhra Raje,BJP,http://164.100.47.134/newls/HomePage.aspx?mpsno=4221
Madhya Pradesh,4,Guna ,Dr. Narottam Mishra,BJP,
Madhya Pradesh,5,Sagar ,Shri Bhupindra Singh,BJP,
Madhya Pradesh,6,Tikamgarh (SC) ,Shri Virendra Kumar Khatik,BJP,
Madhya Pradesh,7,Damoh ,Shri Shivraj Singh Lodhi,BJP,
Madhya Pradesh,9,Satna ,Shri Ganesh Singh,BJP,http://164.100.47.134/newls/HomePage.aspx?mpsno=3986
Madhya Pradesh,10,Rewa ,Shri Chandramani Tripathy,BJP,http://164.100.47.134/newls/HomePage.aspx?mpsno=3939
Madhya Pradesh,12,Shahdol (ST) ,Shri Narendra Mravi,BJP,
Madhya Pradesh,13,Jabalpur ,Shri Rakesh Singh,BJP,http://164.100.47.134/newls/HomePage.aspx?mpsno=3987
Madhya Pradesh,14,Mandla (ST) ,Shri Faggan Singh Kulaste,BJP,http://164.100.47.134/newls/HomePage.aspx?mpsno=207
Madhya Pradesh,15,Balaghat ,Shri K.D. Deshmukh,BJP,
Madhya Pradesh,17,Hoshangabad ,Shri Rampal Singh,BJP,http://164.100.47.134/newls/HomePage.aspx?mpsno=4216
Madhya Pradesh,18,Vidisha ,Smt. Sushma Swaraj,BJP,http://164.100.47.5:8080/members/website/Biodata.asp?no=94
Madhya Pradesh,19,Bhopal ,Shri Kailash Joshi,BJP,http://164.100.47.134/newls/HomePage.aspx?mpsno=3989
Madhya Pradesh,20,Rajgarh ,Shri Lakshman Singh,BJP,http://164.100.47.134/newls/HomePage.aspx?mpsno=448
Madhya Pradesh,21,Dewas (SC) ,Shri Thawar Chand Gehlot,BJP,http://164.100.47.134/newls/HomePage.aspx?mpsno=137
Madhya Pradesh,22,Ujjain (SC) ,Shri Satyanarayan Jatiya,BJP,http://164.100.47.134/newls/HomePage.aspx?mpsno=160
Madhya Pradesh,23,Mandsour ,Dr. Laxminarayan Pandey,BJP,http://164.100.47.134/newls/HomePage.aspx?mpsno=286
Madhya Pradesh,25,Dhar (ST) ,Shri Mukam Singh Kirade,BJP,
Madhya Pradesh,26,Indore ,Smt. Sumitra Mahajan,BJP,http://164.100.47.134/newls/HomePage.aspx?mpsno=220
Madhya Pradesh,28,Khandwa ,Shri Nand Kumar Singh Chouhan,BJP,http://164.100.47.134/newls/HomePage.aspx?mpsno=82
Madhya Pradesh,24,Ratlam (ST) ,Shri Dilip Singh Bhuria,BJP,
Madhya Pradesh,27,Khargon (ST) ,Shri Makhan Singh,BJP,
Madhya Pradesh,29,Betul (ST) ,Smt. Jyoti Dhurve ,BJP,
Maharashtra,1,Nandurbar (ST) ,Dr. Suhas Natawadkar,BJP,
Maharashtra,2,Dhule ,Shri Prataprao Sonawane,BJP,
Maharashtra,3,Jalgaon ,Shri A.T. Patil,BJP,
Maharashtra,4,Raver ,Shri Haribhau Jawle,BJP,
Maharashtra,6,Akola ,Shri Sanjay Dhotre,BJP,http://164.100.47.134/newls/HomePage.aspx?mpsno=3992
Maharashtra,8,Wardha,Shri Suresh Waghmare,BJP,http://164.100.47.134/newls/HomePage.aspx?mpsno=3994
Maharashtra,10,Nagpur ,Shri Banwarilal Purohit,BJP,
Maharashtra,11,Bhandara—Gondiya,Shri Shishupal Patle,BJP,http://164.100.47.134/newls/HomePage.aspx?mpsno=3993
Maharashtra,12,Gadchiroli-Chimur (ST) ,Shri Ashok Nete,BJP,
Maharashtra,13,Chandrapur,Shri Hansraj Ahir,BJP,http://164.100.47.134/newls/HomePage.aspx?mpsno=3640
Maharashtra,16,Nanded,Shri Sambhaji Rao Pawar,BJP,
Maharashtra,18,Jalna ,Shri Rao Saheb Danve Patil,BJP,http://164.100.47.134/newls/HomePage.aspx?mpsno=316
Maharashtra,20,Dindori (ST) ,Shri Harishchandra Chawan,BJP,
Maharashtra,22,Palghar (ST) ,Shri Chintaman Wanga,BJP,
Maharashtra,26,Mumbai North ,Shri Ram Naik,BJP,http://www.ramnaik.com/ramnaik_profile.html
Maharashtra,34,Pune,Shri Anil Shirole,BJP,
Maharashtra,37,Ahmednagar,Shri Dilip Gandhi,BJP,
Maharashtra,39,Beed ,Shri Gopinath Munde,BJP,
Maharashtra,42,Solapur (SC) ,Shri Sharad Bansode,BJP,
Maharashtra,43,Madha ,Shri Subhash Deshmukh ,BJP,http://164.100.47.134/newls/HomePage.aspx?mpsno=3998
Manipur,1,Inner Manipur ,Shri W. Nipamacha Singh,BJP,
Manipur,2,Outer Manipur (ST),Shri D. Loli Adanee,BJP,
Orissa,2,Sundargarh (ST) ,Shri Jual Oram,BJP,http://164.100.47.134/newls/HomePage.aspx?mpsno=279
Orissa,4,Keonjhar (ST) ,Shri Ananta Nayak,BJP,http://164.100.47.134/newls/HomePage.aspx?mpsno=275
Orissa,5,Mayurbhanj (ST) ,Smt. Draupadi Murmu,BJP,
Orissa,6,Balasore ,Shri M.A. Kharavel Swain,BJP,http://164.100.47.134/newls/HomePage.aspx?mpsno=478
Orissa,10,Bolangir ,Smt. Sangeeta Singhdeo,BJP,http://164.100.47.134/newls/HomePage.aspx?mpsno=426
Orissa,11,Kalahandi ,Shri Bikram Keshari Deo,BJP,http://164.100.47.134/newls/HomePage.aspx?mpsno=108
Orissa,12,Nabarangpur (ST) ,Shri Parsuram Majhi,BJP,http://164.100.47.134/newls/HomePage.aspx?mpsno=227
Orissa,13,Kandhmal ,Shri Ashok Sahu,BJP,
Orissa,12,Nabarangpur (ST) ,Shri Parsuram Majhi,BJP,
Orissa,21,Koraput (ST) ,Shri Upendra Majhi ,BJP,
Punjab,1,Gurdaspur ,Shri Vinod Khanna,BJP,http://164.100.47.134/newls/HomePage.aspx?mpsno=197
Punjab,2,Amritsar ,Shri Navjot Singh Siddhu,BJP,http://164.100.47.134/newls/HomePage.aspx?mpsno=4000
Punjab,5,Hoshiarpur (SC) ,Shri Som Prakash ,BJP,
Rajasthan,1,Sriganganagar/ Hanumangarh (SC) ,Shri Nihal Chand,BJP,http://164.100.47.134/newls/HomePage.aspx?mpsno=95
Rajasthan,2,Bikaner (SC) ,Shri Arjun Meghwal,BJP,http://164.100.47.134/newls/HomePage.aspx?mpsno=568
Rajasthan,3,Churu ,Shri Ram Singh Kasba,BJP,
Rajasthan,8,Alwar ,Smt. Kiran Yadav,BJP,
Rajasthan,10,Karoli Dholpur (SC) ,Dr. Manoj Rajoriya,BJP,
Rajasthan,14,Nagour ,Smt. Bindu Choudhary,BJP,
Rajasthan,15,Pali ,Shri Pushp Jain,BJP,http://164.100.47.134/newls/HomePage.aspx?mpsno=160
Rajasthan,16,Jodhpur ,Shri Jaswant Singh Bisnoi,BJP,
Rajasthan,17,Barmer ,Shri Manvendra Singh,BJP,http://164.100.47.134/newls/HomePage.aspx?mpsno=4197
Rajasthan,18,Jalore ,Shri Devji Choudhary,BJP,
Rajasthan,21,Chittorgarh ,Shri Srichand Kripalani,BJP,http://164.100.47.134/newls/HomePage.aspx?mpsno=200
Rajasthan,22,Rajsamand ,Shri Rasa Singh Rawat,BJP,http://164.100.47.134/newls/HomePage.aspx?mpsno=368
Rajasthan,23,Bhilwara ,Shri V.P. Singh,BJP,
Rajasthan,24,Kota ,Dr. Shyam Sharma,BJP,
Rajasthan,25,Jhalawad ,Shri Dushyant Singh,BJP,http://164.100.47.134/newls/HomePage.aspx?mpsno=4005
Sikkim,1,Sikkim ,Prof. Padam Bahadur Chettri ,BJP,
Tripura,1,Tripura West ,Shri Nilmani Deb,BJP,
Tripura,2,Tripura East (ST) ,Shri Pulin Behari Dewan ,BJP,
Uttar Pradesh,2,Kairana ,Ch. Hukum Singh Gurjar,BJP,
Uttar Pradesh,6,Muradabad ,Shri Sarvesh Singh,BJP,
Uttar Pradesh,7,Rampur ,Shri Mukhtar Abbas Naqvi,BJP,
Uttar Pradesh,12,Ghaziabad ,Shri Rajnath Singh,BJP,
Uttar Pradesh,13,Goutam Buddh Nagar ,Dr. Mahesh Sharma,BJP,
Uttar Pradesh,14,Bulandshahar (SC) ,Shri Ashok Pradhan,BJP,http://164.100.47.134/newls/HomePage.aspx?mpsno=333
Uttar Pradesh,18,Agra ,Shri Ramshankar Katheria,BJP,
Uttar Pradesh,19,Fatehpur Sikri ,Shri Aridaman Singh,BJP,
Uttar Pradesh,20,Firozabad ,Shri Raghuvar Dayal Verma,BJP,
Uttar Pradesh,21,Mainpuri ,Miss Trapxi Shakya,BJP,
Uttar Pradesh,22,Etah,Dr. Shyam Singh Shakya,BJP,
Uttar Pradesh,24,Aonla ,Smt. Meneka Gandhi,BJP,http://164.100.47.134/newls/HomePage.aspx?mpsno=129
Uttar Pradesh,25,Bareilly ,Shri Santosh Gangwar,BJP,http://164.100.47.134/newls/HomePage.aspx?mpsno=131
Uttar Pradesh,26,Pilibhit ,Shri Varun Gandhi,BJP,
Uttar Pradesh,27,Shahjahanpur (SC) ,Smt. Krishna Raj,BJP,
Uttar Pradesh,28,Khiri ,Shri Ajay Mishra Teni,BJP,
Uttar Pradesh,29,Dhaurahra ,Shri Raghvendra Singh,BJP,
Uttar Pradesh,30,Sitapur ,Shri Gyan Tiwari,BJP,
Uttar Pradesh,31,Hardoi (SC) ,Smt. Poornima Verma,BJP,
Uttar Pradesh,32,Mishrikh (SC) ,Shri Anil Bhargav,BJP,
Uttar Pradesh,33,Unnao ,Shri Ramesh Kumar Singh,BJP,
Uttar Pradesh,34,Mohanlal Ganj (SC) ,Shri Ranjan Choudhary (Pasi),BJP,
Uttar Pradesh,35,Lucknow ,Shri Lalji Tandon,BJP,
Uttar Pradesh,36,Rae Bareli,Shri R.V. Singh,BJP,
Uttar Pradesh,37,Amethi,Shri Pradeep Singh,BJP,
Uttar Pradesh,38,Sultanpur ,Shri Surajbhan Singh,BJP,
Uttar Pradesh,39,Pratapgarh ,Shri Laxmi Narayan Pandey,BJP,
Uttar Pradesh,40,Farukhabad ,Smt. Mithilesh Aggarwal,BJP,
Uttar Pradesh,41,Etawah (SC) ,Smt. Kamlesh Katheriya,BJP,
Uttar Pradesh,42,Kannauj ,Shri Subrat Pathak,BJP,
Uttar Pradesh,43,Kanpur ,Shri Satish Mahana,BJP,
Uttar Pradesh,44,Akbarpur ,"Shri Arun Tiwari ""Baba""",BJP,
Uttar Pradesh,45,Jalaun (SC) ,Shri Bhanu Pratap Verma,BJP,http://164.100.47.134/newls/HomePage.aspx?mpsno=3824
Uttar Pradesh,46,Jhansi ,Shri Ravindra Shukla,BJP,
Uttar Pradesh,47,Hamirpur ,Shri Pritam Singh Lodhi,BJP,
Uttar Pradesh,48,Banda ,Smt. Amita Bajpai,BJP,
Uttar Pradesh,49,Fatehpur ,Shri Radhey Shyam Gupxa,BJP,
Uttar Pradesh,50,Koshambi (SC) ,Shri Goutam Choudhary,BJP,
Uttar Pradesh,51,Phulpur ,Shri Karan Singh Patel,BJP,
Uttar Pradesh,53,Barabanki (SC) ,Shri Ram Naresh Rawat,BJP,
Uttar Pradesh,54,Faizabad ,Shri Lallu Singh,BJP,
Uttar Pradesh,55,Ambedkar Nagar ,Shri Vinay Katiyar,BJP,
Uttar Pradesh,56,Bahraich (SC) ,Shri Akshaywar Lal Gour,BJP,
Uttar Pradesh,57,Kesharganj ,Shri Lalta Prasad Mishra,BJP,
Uttar Pradesh,58,Shrawasti ,Shri Satyadev Singh,BJP,
Uttar Pradesh,59,Gonda ,Shri Rampratap Singh,BJP,
Uttar Pradesh,60,Dumariganj ,Shri Jaipratap Singh,BJP,
Uttar Pradesh,61,Basti ,Shri Y.D. Singh,BJP,
Uttar Pradesh,62,Sant Kabir Nagar ,Shri Sharad Tripathi,BJP,
Uttar Pradesh,63,Maharajganj ,Shri Pankaj Chaudhary,BJP,http://164.100.47.134/newls/HomePage.aspx?mpsno=3479
Uttar Pradesh,64,Gorakhpur ,Yogi Aditya Nath,BJP,http://164.100.47.134/newls/HomePage.aspx?mpsno=7
Uttar Pradesh,65,Kushi Nagar ,Shri Vijay Dubey,BJP,
Uttar Pradesh,66,Deoria ,Gen. Prakashmani Tripathi,BJP,
Uttar Pradesh,67,Bansgaon (SC) ,Shri Kamlesh Paswan,BJP,
Uttar Pradesh,68,Lalganj (SC) ,Smt. Neelam Sonkar,BJP,
Uttar Pradesh,69,Azamgarh ,Shri Ramakant Yadav,BJP,
Uttar Pradesh,70,Ghosi ,Shri Ram Ikbal Singh,BJP,
Uttar Pradesh,72,Balia ,Shri Manoj Kumar Sinha,BJP,
Uttar Pradesh,74,Machhli Shahar (SC) ,Shri Vidhyasagar Sonkar,BJP,
Uttar Pradesh,75,Ghazipur ,Shri Prabhu Nath Choudhary,BJP,
Uttar Pradesh,76,Chandauli ,Shri Jawahar Jaiswal,BJP,
Uttar Pradesh,77,Varanasi ,Dr. Murli Manohar Joshi,BJP,
Uttar Pradesh,78,Bhadohi ,Shri Mahendra Pandey,BJP,
Uttar Pradesh,79,Mirzapur ,Shri Anurag Singh,BJP,
Uttar Pradesh,80,Robertsganj (SC) ,Shri Ramsakal ,BJP,
Uttarakhand,1,Tehri ,Shri Jaspal Rana,BJP,
Uttarakhand,2,Garhwal (Pauri) ,Lt. Gen. T.P.S. Rawat,BJP,http://164.100.47.134/newls/HomePage.aspx?mpsno=4245
Uttarakhand,3,Almora (SC) ,Shri Ajay Tamta,BJP,
Uttarakhand,4,Nainital (Udhamsingh Nagar ,Shri Bacchi Singh Rawat,BJP,http://164.100.47.134/newls/HomePage.aspx?mpsno=29
Uttarakhand,5,Haridwar ,Shri Madan Kaushik ,BJP,
West Bengal,1,Cooch Behar (SC) ,Shri Bhabendra Nath Barman,BJP,
West Bengal,3,Jalpaiguri (SC) ,Dipen Pramanik,BJP,
West Bengal,4,Darjeeling ,Shri Dawa Sherpa,BJP,
West Bengal,5,Raigunj ,Shri Gopesh Chandra Sarkar,BJP,
West Bengal,6,Balurghat ,Shri Subhas Chandra Barman,BJP,
West Bengal,7,Uttar Malda ,Shri Amlan Bhaduri,BJP,
West Bengal,8,Malda Dakshin ,Shri Dipak Chowdhury,BJP,
West Bengal,9,Jangipur ,Shri Debasis Chandra Mazumdar,BJP,
West Bengal,10,Baharampur ,Shri Bidyut Kumar Haldar,BJP,
West Bengal,11,Murshidabad ,Shri Nirmal Saha,BJP,
West Bengal,12,Krishnagar ,Shri Satya Brata Mookherjee,BJP,
West Bengal,13,Ranaghat (SC) ,Shri Sukalyan Roy,BJP,
West Bengal,14,Bangaon (SC) ,Shri K.P. Majumdar,BJP,
West Bengal,15,Barrackpore ,Shri Prabhakar Tewari,BJP,
West Bengal,16,Dum Dum ,Shri Tapan Sikdar,BJP,
West Bengal,17,Barasat ,Shri Bratin Sengupxa,BJP,
West Bengal,18,Basirhat ,Shri Swapan Kumar Das,BJP,
West Bengal,19,Joynagar (SC) ,Shri Nirod Haldar,BJP,
West Bengal,20,Mathurapur (SC) ,Shri Binay Kumar Biswas,BJP,
West Bengal,21,Diamond Harbour ,Shri Abhijit Das,BJP,
West Bengal,22,Jadavpur ,Shri Sanat Bhattacharya,BJP,
West Bengal,23,Kolkata Dakshin ,Smt. Jyotsna Bannerjee,BJP,
West Bengal,24,Kolkata Uttar ,Shri Tathagata Roy,BJP,
West Bengal,25,Howrah ,Smt. Polly Mukherjee,BJP,
West Bengal,26,Uluberia ,Shri Rahul Chakrabarty,BJP,
West Bengal,27,Sreerampur ,Shri Debabrata Choudhary,BJP,
West Bengal,28,Hoogly ,Dr. Chunilal Chakravarti,BJP,
West Bengal,29,Arambag (SC) ,Shri Murari Bera,BJP,
West Bengal,30,Tamluk ,Smt. Rajshree Choudhary,BJP,
West Bengal,31,Kanthi ,Shri Amalesh Mishra,BJP,
West Bengal,32,Ghatal ,Shri Motilal Khatua,BJP,
West Bengal,33,Jhargram (ST) ,Shri Nabendu Mahali,BJP,
West Bengal,34,Medinipur ,Shri Pradip Pattanayak,BJP,
West Bengal,35,Purulia ,Shri Sayantan Bose,BJP,
West Bengal,36,Bankura ,Shri Rahul Sinha,BJP,
West Bengal,37,Bishnupur (SC) ,Dr. Jayanta Mondal,BJP,
West Bengal,38,Bardhaman Purba (SC) ,Shri Mahitosh Bauri,BJP,
West Bengal,39,Burdwan ,Syed Ali Afzal Chand,BJP,
West Bengal,40,Asansol ,Shri Surya Roy,BJP,
West Bengal,41,Bolpur (SC) ,Shri Arjun Saha,BJP,
West Bengal,42,Birbhum ,Shri Tapas Mukherjee ,BJP,
Madhya Pradesh,16,Chhindwara,Kamal Nath,INC,
Madhya Pradesh,4,Guna,Jyotiraditya Scindia,INC,
Madhya Pradesh,24,Ratlam,Kantilal Bhuria,INC,
Madhya Pradesh,28,Khandwa,Arun Yadav,INC,
Madhya Pradesh,1,Morena,Ram Niwas Rawat,INC,
Madhya Pradesh,3,Gwalior,Ashok Singh,INC,
Madhya Pradesh,6,Tikamgarh,Vrindawan Ahirwar,INC,
Madhya Pradesh,7,Damoh,Chandrabhan Singh,INC,
Madhya Pradesh,10,Rewa,Sunderlal Tiwari,INC,
Madhya Pradesh,15,Balaghat,Vishveshwar Bhagat,INC,
Madhya Pradesh,25,Dhar,Gajendra Singh Rajukhedi,INC,
Madhya Pradesh,25,Betul,Oza Ram,INC,
Chandigarh(UT),1,Chandigarh,Pawan Kumar Bansal,INC,
Assam,2,Silchar,Santosh Mohan Dev,INC,
Assam,12,Jorhat,B. K. Handique,INC,
Assam,1,Karimganj,Lalit Mohan Suklabaidyae,INC,
Assam,3,Autonomous,Biren Singh Engti,INC,
Assam,9,Tezpur,M. K. Subba,INC,
Assam,11,Kaliabor,Dip Gogoi,INC,
Assam,6,Barpeta,Ismail Hussain,INC,
Assam,7,Gauhati,Robin Bordoloi,INC,
Assam,8,Mangaldoi,Madhab Rajbonshi,INC,
Assam,10,Nowgong,Anil Raja,INC,
Assam,13,Dibrugarh,P. S. Ghatowar,INC,
Nagaland,1,Nagaland,K. A. Sangtam,INC,
Utter Pradesh,3,MUZAFFARNAGAR,HARENDRA MALIK,INC,
Utter Pradesh,7,RAMPUR,BEGUM NOOR BANO,INC,
Utter Pradesh,12,GHAZIABAD,SUREDNRA PRAKSH GOEL,INC,
Utter Pradesh,14,BULANSHAHR-SC,DEVI DAYAL,INC,
Utter Pradesh,15,ALIGARH,BIJENDRA SINGH,INC,
Utter Pradesh,17,MATHURA,MANVENDRA SINGH,INC,
Utter Pradesh,19,FATHEPUR SIKRI,RAJ BABBAR,INC,
Utter Pradesh,25,BAREILLY,PRAVEEN SINGH AIRON,INC,
Utter Pradesh,29,DHAURAHRA,JITIN PRASAD,INC,
Utter Pradesh,33,UNNAO,SMT. ANNU TANDON,INC,
Utter Pradesh,36,RAE BARELI,SMT. SONIA GANDHI,INC,
Utter Pradesh,37,AMETHI,RAHUL GANDHI,INC,
Utter Pradesh,39,PRATAPGARH,SMT. RATNA SINGH,INC,
Utter Pradesh,40,FARRUKHABAD,SALMAN KHURSHID,INC,
Utter Pradesh,43,KANPUR,SRIPRAKASH JAISWAL,INC,
Utter Pradesh,53,BARABANKI-SC,P.L. PUNIA,INC,
Utter Pradesh,54,FAIZABAD,NIRMAL KHATRI,INC,
Utter Pradesh,59,GONDA,BENI PRASAD VERMA,INC,
Utter Pradesh,60,DOMARIYAGANJ,JAGADAMBIKA PAL,INC,
Utter Pradesh,65,KUSHI NAGAR,R.P.N. SINGH,INC,
Utter Pradesh,67,BANSGAON-SC,MAHAVIR PRASAD,INC,
Utter Pradesh,70,GHOSI,SMT. SUDHA RAI,INC,
Utter Pradesh,71,SALEMPUR,BHOLA PANDE,INC,
Utter Pradesh,77,VARANASI,DR. RAJESH MISHRA,INC,
Utter Pradesh,27,Shahjahanpur,Umed Singh,INC,
Utter Pradesh,61,Basti,Basant Chowdhury,INC,
Utter Pradesh,69,Azamgarh,Santosh Kumar Singh,INC,
Utter Pradesh,23,Badaun,Salim Sherwani,INC,
Utter Pradesh,11,Baghpat,Sompal Shastri,INC,
Utter Pradesh,26,Pilibhit,VM Singh,INC,
Utter Pradesh,13,Gautam Buddh Nagar,Ramesh Tomar,INC,
Utter Pradesh,66,Deoria,Baleswar Yadav,INC,
Utter Pradesh,1,Saharanpur,Gajendra Singh,INC,
Utter Pradesh,4,Bijnor,Saeed-ud-Jama,INC,
Utter Pradesh,30,Sitapur,Ramlal Rahi,INC,
Utter Pradesh,63,Maharajganj,Harsh Vardhan Singh,INC,
Utter Pradesh,46,Jhansi,Pradeep Jain,INC,
Utter Pradesh,76,Chandauli,Shailender Singh,INC,
Utter Pradesh,58,Shrawasti,Vinay Pande,INC,
Delhi,,West Delhi,Deepak Bhardwaj,BSP,
Delhi,,East Delhi,Asif Khan,BSP,
Delhi,,Chandni Chowk,Mustaqeem,BSP,
Delhi,,Northeast Delhi,Haji Dilshad,BSP,
Delhi,,New Delhi,Trilok Chand Sharma,BSP,
Delhi,,North West,Rakesh Hansh,BSP,
Delhi,,South Delhi,Kanwar Singh Tanwar,BSP,
